[{"name":"Scarlett Johansson","dob":"22-11-1984","gender":"F","movies":[{"title":"Lucy","year":"2014"},{"title":"The Other Boleyn Girl","year":"2008"},{"title":"The Avengers","year":"2012"},{"title":"Black Widow","year":"2021"},{"title":"Girl With a Pearl Earring","year":"2003"},{"title":"Marriage Story","year":"2019"}]},{"name":"Morgan Freeman","dob":"01-06-1937","gender":"M","movies":[{"title":"RED"},{"title":"Wanted","year":"\t2008"}]},{"name":"Javier Bardem","dob":"01-03-1969","gender":"M","movies":[{"title":"Dune","year":"2021"},{"title":"Skyfall","year":"2012"},{"title":"Eat Pray Love","year":"2010"},{"title":"The Roads Not Taken","year":"2020"}]},{"name":"Christian Bale","dob":"30-01-1974","gender":"M","movies":[{"title":"Batman Begins","year":"2005"},{"title":"Knight of Cups","year":"2015"},{"title":"Exodus: Gods and Kings","year":"2014"}]},{"name":"Leonardo DiCaprio","dob":"11-11-1974","gender":"M","movies":[{"title":"Catch Me If You Can","year":"2002"},{"title":"Django Unchained","year":"2012"},{"title":"The Wolf of Wall Street","year":"2013"},{"title":"Romeo + Juliet","year":"1996"},{"title":"Shutter Island","year":"2010"},{"title":"The Revenant","year":"2015"}]},{"name":"Anthony\t\t\t\nHopkins","dob":"31-12-1937","dod":"\n","gender":"M","movies":[{"title":"\nDracula","year":"1991"},{"title":"The Wolfman","year":"2010"},{"title":"Joe Black","year":"1998"},{"title":"Hannibal","year":"2001"},{"title":"The Silence of the Lambs","year":"\n1991"}]},{"name":"Gary Oldman","dob":"21-03-1958","gender":"M","movies":[{"title":"Léon: The Professional","year":"1994"},{"title":"The Book of Eli","year":"2010"},{"title":"The Dark Knight","year":"\t2008"}]},{"name":"Robin Williams","dob":"21-07-1951","dod":"11-08-2014","gender":"M","movies":[{"title":"Dead Again","year":"1991"},{"title":"Flubber","year":"1997"},{"title":"Good Morning, Vietnam","year":"1987"},{"title":"Patch Adams","year":"1998"},{"title":"Good Will Hunting","year":"1997"},{"title":"Jumanji","year":"1995"},{"title":"Mrs. Doubtfire","year":"1993"},{"title":"Dead Poets Society","year":"1989"}]},{"name":"Rami Malek","dob":"12-05-1981","gender":"M","movies":[{"title":"Bohemian Rhapsody","year":"2018"},{"title":"No Time to Die","year":"2021"},{"title":"Night at the Museum: Secret of the Tomb","year":"2014"}]},{"name":"Seth Rogen","dob":"15-04-1982","gender":"M","movies":[{"title":"Long Shot","year":"2019"},{"title":"Neighbors","year":"2014"}]},{"name":"Jeff Bridges","dob":"04-12-1949","gender":"M","movies":[{"title":"True Grit"},{"title":"Jagged Edge"},{"title":"K-PAX"},{"title":"Iron Man"},{"title":"Tron"},{"title":"Big Lebowski"}]},{"name":"Jesse Eisenberg","dob":"05-10-1983","gender":"M","movies":[{"title":"Resistance","year":"2020"},{"title":"Batman v Superman: Dawn of Justice","year":"2016"},{"title":"The Social Network","year":"2010"}]},{"name":"Winona Ryder","dob":"29-10-1971","gender":"F","movies":[{"title":"The Plot Against America","year":"2020"},{"title":"The Iceman","year":"2012"},{"title":"Black Swan","year":"2010"},{"title":"Little Women","year":"1994"},{"title":"Show Me a Hero","year":"2015"}]},{"name":"Charlie Chaplin","dob":"16-04-1889","dod":"25-12-1977","gender":"M","movies":[{"title":"The Kid","year":"1921"},{"title":"The Circus","year":"1928"},{"title":"Monsieur Verdoux","year":"1947"},{"title":"Modern Times","year":"1936"},{"title":"The Gold Rush","year":"1925"},{"title":"The Great Dictator","year":"1940"},{"title":"Limelight","year":"1952"},{"title":"City Lights","year":"1931"},{"title":"A King in New York","year":"1957"},{"title":"A Countess from Hong Kong","year":"1967"}]},{"name":"Woody Harrelson","dob":"23-07-1961","gender":"M","movies":[{"title":"True Detective","year":"2014"},{"title":"The People vs. Larry Flynt","year":"1996"},{"title":"Now You See Me 2","year":"2016"},{"title":"Solo: A Star Wars Story","year":"2018"},{"title":"The Hunger Games","year":"2012"}]},{"name":"Matt Damon","dob":"08-10-1970","gender":"M","movies":[{"title":"The Great Wall","year":"2016"},{"title":"Saving Private Ryan","year":"1998"},{"title":"The Martian","year":"2015"},{"title":"Deadpool 2","year":"2018"}]},{"name":"Edward\nNorton\n\n\n","dob":"18-08-1969","gender":"M","movies":[{"title":"Fight Club","year":"1999"},{"title":"Birdman","year":"2014"},{"title":"Pride and Glory","year":"2008"},{"title":"Collateral Beauty","year":"2016"}]},{"name":"Marlon Brando","dob":"04-04-1924","dod":"01-07-2004","gender":"M","movies":[{"title":"A Streetcar Named Desire","year":"1951"},{"title":"The Wild One","year":1953},{"title":"Don Juan DeMarco","year":null},{"title":"The Godfather"}]},{"name":"George Clooney","dob":"06-05-1961","gender":"M","movies":[{"title":"Tomorrowland","year":"2015"},{"title":"Money Monster","year":"2016"},{"title":"Batman & Robin","year":"1997"},{"title":"Gravity","year":"2013"}]},{"name":"Jonah Hill","dob":"30-12-1983","gender":"M","movies":[{"title":"Django Unchained","year":"2012"},{"title":"The Wolf of Wall Street","year":"2013"},{"title":"22 Jump Street","year":"2014"}]},{"name":"Matthew McConaughey","dob":"04-11-1969","gender":"M","movies":[{"title":"The Gentlemen","year":"2019"},{"title":"Thirteen Conversations About One Thing","year":"2001"},{"title":"White Boy Rick","year":"2018"},{"title":"True Detective","year":"2014"}]},{"name":"Brad Pitt","dob":"18-12-1963","gender":"M","movies":[{"title":"Inglourious Basterds","year":"2009"},{"title":"The Curious Case of Benjamin Button","year":"2008\n"},{"title":"Fight Club\t","year":"1999"},{"title":"World War Z","year":"2013"},{"title":"Ocean's Eleven","year":"2001"},{"title":"Ad\nAstra","year":"2019"},{"title":"Snatch","year":"11111"}]},{"name":"Jake Gyllenhaal","dob":"19-12-1980","gender":"M","movies":[{"title":"Wildlife","year":"2018"},{"title":"October Sky","year":"1999"},{"title":"Everest","year":"2015"},{"title":"Spider-Man: Far From Home","year":"2019"}]},{"name":"Tom Hanks","dob":"09-06-1956","gender":"M","movies":[{"title":"The Da Vinci Code","year":"2016"},{"title":"The Circle","year":"2017"},{"title":"Inferno","year":"2016"},{"title":"Inferno","year":"2006"},{"title":"Cast Away","year":"2000"},{"title":"Sully","year":"2016"}]},{"name":"Léa Seydoux","dob":"01-07-1985","gender":"F","movies":[{"title":"Zoe","year":"2018"},{"title":"No Time to Die","year":"2021"},{"title":"La Belle & la bête","year":"2014"}]},{"name":"Meryl Streep","dob":"22-06-1949","gender":"F","movies":[{"title":"Suffragette","year":"2015"},{"title":"Julie & Julia","year":"2009"},{"title":"Heartburn","year":"1986"},{"title":"Doubt","year":"2008"},{"title":"Little Women","year":"2017"}]},{"name":"Mark Ruffalo","dob":"22-11-1967","gender":"M","movies":[{"title":"Now You See Me","year":"2013"},{"title":"Captain Marvel","year":"2019"},{"title":"Avengers: Infinity War","year":"2018"}]},{"name":"Robin Williams","dob":"21-07-1951","dod":"11-08-2014","gender":"m","movies":[{"title":"Good Will Hunting"},{"title":"Jakob The Liar","year":1999},{"title":"Mrs. Doubtfire"},{"title":"Patch Adams","year":"None"}]},{"name":"Tom Cruise","dob":"03-06-1962","gender":"M","movies":[{"title":"Valkyrie","year":"2008"},{"title":"Edge of Tomorrow","year":"2014"},{"title":"The Last Samurai","year":"2003"},{"title":"American Made","year":"2017"},{"title":"Jack Reacher: Never Go Back","year":"2016"}]},{"name":"Ralph Fiennes","dob":"22-12-1962","gender":"M","movies":[{"title":"The Invisible Woman","year":"2013"},{"title":"The King's Man","year":"2021"},{"title":"No Time to Die","year":"2021"},{"title":"Holmes & Watson","year":"2018"}]},{"name":"Renée Zellweger","dob":"25-04-1969","gender":"F","movies":[{"title":"Chicago","year":"2002"},{"title":"Cold Mountain","year":"2003"},{"title":"Bridget Jones's Baby","year":"2016"}]},{"name":"Robert De Niro","dob":"17-08-1943","gender":"M","movies":[{"title":"&nbsp;Goodfellas "},{"title":"The Godfather"},{"title":"Ronin\n\n"}]},{"name":"Heath Ledger","dob":"04-04-1979","dod":"22-01-2008","gender":"M","movies":[{"title":"The Dark Knight"},{"title":"The Imaginarium of Doctor Parnassus"},{"title":"The Patriot"}]},{"name":"Quentin Tarantino","dob":"27-03-1963","gender":"M","movies":[{"title":"Django Unchained ","year":"2012"}]},{"name":"Johnny Depp","dob":"09-06-1963","gender":"M","movies":[{"title":"\nTranscendence","year":""},{"title":"Public Enemies"},{"title":"Blow"},{"title":"The Libertine"}]},{"name":"Mel Gibson","dob":"03-01-1956","gender":"M","movies":[{"title":"Lethal Weapon","year":"1987"},{"title":"The Patriot","year":"2000"},{"title":"We Were Soldiers","year":"2002"},{"title":"Braveheart","year":"1995"},{"title":"Mad Max","year":"1979"}]},{"name":"Daniel Craig","dob":"02-03-1968","gender":"M","movies":[{"title":"No Time to Die","year":"2021"},{"title":"The Girl with the Dragon Tattoo","year":"2011"},{"title":"Kiss and Tell","year":"1996"},{"title":"Star Wars: Episode VII - The Force Awakens","year":"2015"},{"title":"Knives Out","year":"2019"},{"title":"Lara Croft: Tomb Raider","year":"2001"}]},{"name":"F. Murray Abraham","dob":"24-10-1939","gender":"M","movies":[{"title":"Inside Llewyn Davis","year":"2013"},{"title":"Star Trek: Insurrection","year":"1998"},{"title":"11 settembre 1683","year":"2012"}]},{"name":"Mark Wahlberg","dob":"05-06-1971","gender":"M","movies":[{"title":"Ted","year":"2012"},{"title":"Transformers: The Last Knight","year":"2017"},{"title":"Mile 22","year":"2018"}]},{"name":"Tom Hardy","dob":"15-09-1977","gender":"M","movies":[{"title":"Peaky Blinders","year":"2019"},{"title":"The Revenant","year":"2015"},{"title":"Mad Max: Fury Road","year":"2015"},{"title":"Venom: Let There Be Carnage","year":"2021"},{"title":"Inception","year":"2010"}]},{"name":"Robert Downey Jr.","dob":"04-04-1965","gender":"M","movies":[{"title":"Zodiac","year":"2007"},{"title":"The Judge","year":"2014"},{"title":"Iron Man","year":"2008"},{"title":"U.S. Marshals","year":"1998"},{"title":"Sherlock Holmes: A Game of Shadows","year":"2011"},{"title":"Avengers: Endgame","year":"2019"},{"title":"Captain America: Civil War","year":"2016"}]},{"name":"Philip Seymour Hoffman","dob":"23-07-1967","dod":"02-02-2014","gender":"M","movies":[{"title":"The Hunger Games: Catching Fire","year":"2013"},{"title":"Cold Mountain","year":"2003"},{"title":"Magnolia","year":"1999"},{"title":"A Most Wanted Man","year":"2014"}]},{"name":"Tobey Maguire","dob":"27-06-1975","gender":"M","movies":[{"title":"Spider-Man","year":"2002"},{"title":"Spider-Man 3","year":"2007"},{"title":"Spider-Man 2","year":"2004"}]},{"name":"Chris\n Evans","dob":"13-06-1981","gender":"M","movies":[{"title":"Defending Jacob","year":"2020"},{"title":"Avengers: Infinity War","year":"2018"},{"title":"What's Your Number?","year":"2011"}]},{"name":"Clark Gable","dob":"01-02-1901","dod":"16-11-1960","gender":"M","movies":[{"title":"The\nMisfits","year":"1961"},{"title":"It Happened One Night","year":"1934"},{"title":"Gone with the Wind","year":"1939"}]},{"name":"Russell Crowe","dob":"07-04-1964","gender":"M","movies":[{"title":"Noah","year":"2014"},{"title":"The Mummy","year":"2017"},{"title":"Unhinged","year":"2020"}]}]